subcategory,category,index
Website Design,Digital Design,8497
App Design,Game And Mobile Development,7804
UI Design,Digital Design,5193
Game Development,Game And Mobile Development,10253
Game Development,Game And Mobile Development,3048
App Design,Game And Mobile Development,3734
App Development,Game And Mobile Development,2679
App Development,Game And Mobile Development,10307
App Development,Game And Mobile Development,9707
UI Design,Digital Design,999
Clone Development,Web and Specialized Technologies,9415
App Development,Game And Mobile Development,1031
UI Design,Digital Design,4804
Game Development,Game And Mobile Development,3806
App Development,Game And Mobile Development,8620
Website Design,Digital Design,677
Game Development,Game And Mobile Development,3028
UI Design,Digital Design,1320
AI Applications,Web and Specialized Technologies,4949
Game Development,Game And Mobile Development,3197
UI Design,Digital Design,7599
Website Design,Digital Design,9469
Web Development,Web and Specialized Technologies,2552
App Development,Game And Mobile Development,4050
Clone Development,Web and Specialized Technologies,7498
Game Development,Game And Mobile Development,6546
Website Design,Digital Design,1949
Web Development,Web and Specialized Technologies,2961
UI Design,Digital Design,7899
Game Development,Game And Mobile Development,4002
Website Design,Digital Design,5102
Clone Development,Web and Specialized Technologies,8494
Website Design,Digital Design,2300
Clone Development,Web and Specialized Technologies,1396
Web Development,Web and Specialized Technologies,2766
Web Development,Web and Specialized Technologies,9189
App Development,Game And Mobile Development,3939
Simulations,Web and Specialized Technologies,844
UI Design,Digital Design,6327
Clone Development,Web and Specialized Technologies,6300
Game Development,Game And Mobile Development,6794
Game Development,Game And Mobile Development,1612
Clone Development,Web and Specialized Technologies,1821
Clone Development,Web and Specialized Technologies,2082
Website Design,Digital Design,7219
Game Development,Game And Mobile Development,1713
UI Design,Digital Design,8948
Game Development,Game And Mobile Development,7699
App Design,Game And Mobile Development,7634
Clone Development,Web and Specialized Technologies,4655
App Design,Game And Mobile Development,5904
Web Development,Web and Specialized Technologies,1358
Website Design,Digital Design,2800
Web Development,Web and Specialized Technologies,5400
Game Development,Game And Mobile Development,4285
UI Design,Digital Design,8004
Website Design,Digital Design,4290
Game Development,Game And Mobile Development,6771
Website Design,Digital Design,5554
UI Design,Digital Design,5731
Website Design,Digital Design,4889
UI Design,Digital Design,8970
UI Design,Digital Design,6647
AI Applications,Web and Specialized Technologies,10348
Web Development,Web and Specialized Technologies,6864
Multilingual Queries,Web and Specialized Technologies,5206
Clone Development,Web and Specialized Technologies,1318
Game Development,Game And Mobile Development,6872
Clone Development,Web and Specialized Technologies,7441
Game Development,Game And Mobile Development,10384
Website Design,Digital Design,3095
Web Development,Web and Specialized Technologies,1524
Multilingual Queries,Web and Specialized Technologies,3011
App Development,Game And Mobile Development,8572
Website Design,Digital Design,4024
App Design,Game And Mobile Development,10414
App Development,Game And Mobile Development,3340
Web Development,Web and Specialized Technologies,1757
App Design,Game And Mobile Development,7575
App Development,Game And Mobile Development,2236
Simulations,Web and Specialized Technologies,9809
Clone Development,Web and Specialized Technologies,873
Website Design,Digital Design,5798
Web Development,Web and Specialized Technologies,2794
UI Design,Digital Design,6590
Website Design,Digital Design,2453
Game Development,Game And Mobile Development,971
Game Development,Game And Mobile Development,7159
App Design,Game And Mobile Development,5020
Clone Development,Web and Specialized Technologies,5632
Game Development,Game And Mobile Development,841
Clone Development,Web and Specialized Technologies,57
Website Design,Digital Design,1983
Website Design,Digital Design,5483
App Design,Game And Mobile Development,1394
Simulations,Web and Specialized Technologies,7779
UI Design,Digital Design,7340
Simulations,Web and Specialized Technologies,4537
Game Development,Game And Mobile Development,4524
Web Development,Web and Specialized Technologies,4660
Website Design,Digital Design,10234
UI Design,Digital Design,9588
Game Development,Game And Mobile Development,1588
Website Design,Digital Design,9288
Game Development,Game And Mobile Development,7800
Game Development,Game And Mobile Development,606
Simulations,Web and Specialized Technologies,4803
App Development,Game And Mobile Development,2487
Clone Development,Web and Specialized Technologies,8444
Clone Development,Web and Specialized Technologies,4809
UI Design,Digital Design,835
Clone Development,Web and Specialized Technologies,5046
Clone Development,Web and Specialized Technologies,8038
Web Development,Web and Specialized Technologies,7792
UI Design,Digital Design,6533
Clone Development,Web and Specialized Technologies,7478
Website Design,Digital Design,7686
App Development,Game And Mobile Development,408
App Design,Game And Mobile Development,2051
Multilingual Queries,Web and Specialized Technologies,186
Multilingual Queries,Web and Specialized Technologies,7446
Clone Development,Web and Specialized Technologies,3378
UI Design,Digital Design,3905
App Development,Game And Mobile Development,1750
AI Applications,Web and Specialized Technologies,1818
Game Development,Game And Mobile Development,8285
Clone Development,Web and Specialized Technologies,1203
UI Design,Digital Design,1465
Website Design,Digital Design,418
Clone Development,Web and Specialized Technologies,1515
Clone Development,Web and Specialized Technologies,5797
App Development,Game And Mobile Development,7354
App Design,Game And Mobile Development,3701
Multilingual Queries,Web and Specialized Technologies,9689
Website Design,Digital Design,5713
App Design,Game And Mobile Development,3430
Game Development,Game And Mobile Development,8044
Clone Development,Web and Specialized Technologies,1141
Clone Development,Web and Specialized Technologies,3966
Simulations,Web and Specialized Technologies,439
App Design,Game And Mobile Development,201
App Development,Game And Mobile Development,93
App Development,Game And Mobile Development,2399
Simulations,Web and Specialized Technologies,9258
App Design,Game And Mobile Development,5518
Website Design,Digital Design,579
Website Design,Digital Design,905
Website Design,Digital Design,9462
Game Development,Game And Mobile Development,9518
Web Development,Web and Specialized Technologies,4801
Game Development,Game And Mobile Development,4755
UI Design,Digital Design,5118
Clone Development,Web and Specialized Technologies,4827
Website Design,Digital Design,6026
Multilingual Queries,Web and Specialized Technologies,8345
Clone Development,Web and Specialized Technologies,3205
Clone Development,Web and Specialized Technologies,1054
Website Design,Digital Design,9528
AI Applications,Web and Specialized Technologies,7353
App Development,Game And Mobile Development,10378
App Design,Game And Mobile Development,3192
Game Development,Game And Mobile Development,19
Website Design,Digital Design,4085
AI Applications,Web and Specialized Technologies,1506
Game Development,Game And Mobile Development,2983
Clone Development,Web and Specialized Technologies,251
Website Design,Digital Design,9344
App Development,Game And Mobile Development,9298
App Development,Game And Mobile Development,3930
Clone Development,Web and Specialized Technologies,8200
Clone Development,Web and Specialized Technologies,5231
Clone Development,Web and Specialized Technologies,3113
Website Design,Digital Design,8849
Clone Development,Web and Specialized Technologies,488
Multilingual Queries,Web and Specialized Technologies,4405
Website Design,Digital Design,7020
UI Design,Digital Design,4434
UI Design,Digital Design,1875
Website Design,Digital Design,3460
Game Development,Game And Mobile Development,4018
Website Design,Digital Design,8779
UI Design,Digital Design,2365
Multilingual Queries,Web and Specialized Technologies,2070
Clone Development,Web and Specialized Technologies,3768
UI Design,Digital Design,2782
App Development,Game And Mobile Development,4416
Website Design,Digital Design,7465
AI Applications,Web and Specialized Technologies,1253
Clone Development,Web and Specialized Technologies,4642
Web Development,Web and Specialized Technologies,9634
Website Design,Digital Design,3186
Website Design,Digital Design,1869
Clone Development,Web and Specialized Technologies,6317
App Development,Game And Mobile Development,3955
App Development,Game And Mobile Development,5625
UI Design,Digital Design,6977
Website Design,Digital Design,70
Website Design,Digital Design,4482
Game Development,Game And Mobile Development,2231
UI Design,Digital Design,4592
Website Design,Digital Design,7930
Game Development,Game And Mobile Development,1529
Clone Development,Web and Specialized Technologies,9872
AI Applications,Web and Specialized Technologies,2896
App Development,Game And Mobile Development,7135
App Design,Game And Mobile Development,8758
Clone Development,Web and Specialized Technologies,3865
Website Design,Digital Design,3843
Website Design,Digital Design,1310
Clone Development,Web and Specialized Technologies,8165
Clone Development,Web and Specialized Technologies,8916
Website Design,Digital Design,10494
Website Design,Digital Design,1659
Game Development,Game And Mobile Development,6448
Game Development,Game And Mobile Development,1985
Web Development,Web and Specialized Technologies,8680
App Development,Game And Mobile Development,3167
Clone Development,Web and Specialized Technologies,1426
App Development,Game And Mobile Development,5921
Clone Development,Web and Specialized Technologies,7129
Website Design,Digital Design,4229
Game Development,Game And Mobile Development,6548
Game Development,Game And Mobile Development,2770
App Development,Game And Mobile Development,2169
UI Design,Digital Design,2981
App Development,Game And Mobile Development,1696
Clone Development,Web and Specialized Technologies,2595
Web Development,Web and Specialized Technologies,3857
App Development,Game And Mobile Development,9209
App Design,Game And Mobile Development,2195
Clone Development,Web and Specialized Technologies,114
Clone Development,Web and Specialized Technologies,7872
Website Design,Digital Design,3032
Website Design,Digital Design,604
UI Design,Digital Design,2780
UI Design,Digital Design,10353
App Development,Game And Mobile Development,1050
Game Development,Game And Mobile Development,4239
Simulations,Web and Specialized Technologies,3137
Game Development,Game And Mobile Development,1867
Digital Tools,Web and Specialized Technologies,2908
Website Design,Digital Design,66
App Development,Game And Mobile Development,3366
Game Development,Game And Mobile Development,6028
Digital Tools,Web and Specialized Technologies,3777
Game Development,Game And Mobile Development,307
Game Development,Game And Mobile Development,9667
Game Development,Game And Mobile Development,3110
UI Design,Digital Design,2417
Game Development,Game And Mobile Development,3236
App Development,Game And Mobile Development,1110
UI Design,Digital Design,1631
App Design,Game And Mobile Development,754
AI Applications,Web and Specialized Technologies,4217
App Development,Game And Mobile Development,7960
Game Development,Game And Mobile Development,316
Website Design,Digital Design,460
Website Design,Digital Design,7254
UI Design,Digital Design,9625
AI Applications,Web and Specialized Technologies,5436
App Development,Game And Mobile Development,6897
Clone Development,Web and Specialized Technologies,9331
Clone Development,Web and Specialized Technologies,2145
App Development,Game And Mobile Development,8796
Web Development,Web and Specialized Technologies,1780
UI Design,Digital Design,8146
App Development,Game And Mobile Development,6315
Clone Development,Web and Specialized Technologies,229
Game Development,Game And Mobile Development,1284
UI Design,Digital Design,9963
UI Design,Digital Design,2826
UI Design,Digital Design,1544
Creative Humor,Web and Specialized Technologies,8747
UI Design,Digital Design,1402
App Design,Game And Mobile Development,1323
Clone Development,Web and Specialized Technologies,6025
Web Development,Web and Specialized Technologies,392
Game Development,Game And Mobile Development,7174
App Design,Game And Mobile Development,9543
Website Design,Digital Design,9708
App Design,Game And Mobile Development,712
UI Design,Digital Design,10342
Game Development,Game And Mobile Development,6947
Game Development,Game And Mobile Development,3098
UI Design,Digital Design,4048
Game Development,Game And Mobile Development,1779
Clone Development,Web and Specialized Technologies,6824
Game Development,Game And Mobile Development,4373
App Development,Game And Mobile Development,4384
App Design,Game And Mobile Development,7782
Website Design,Digital Design,7275
Website Design,Digital Design,4412
App Design,Game And Mobile Development,1518
Clone Development,Web and Specialized Technologies,8877
Game Development,Game And Mobile Development,3932
Simulations,Web and Specialized Technologies,9198
Clone Development,Web and Specialized Technologies,5364
Clone Development,Web and Specialized Technologies,9458
Digital Tools,Web and Specialized Technologies,5703
Multilingual Queries,Web and Specialized Technologies,8252
App Development,Game And Mobile Development,1254
App Design,Game And Mobile Development,5610
UI Design,Digital Design,6717
Website Design,Digital Design,5638
AI Applications,Web and Specialized Technologies,2596
Website Design,Digital Design,5670
Clone Development,Web and Specialized Technologies,3700
Game Development,Game And Mobile Development,733
Game Development,Game And Mobile Development,8294
App Design,Game And Mobile Development,9765
UI Design,Digital Design,2486
Game Development,Game And Mobile Development,6881
Game Development,Game And Mobile Development,6059
UI Design,Digital Design,4191
Web Development,Web and Specialized Technologies,8832
Website Design,Digital Design,2258
UI Design,Digital Design,47
Clone Development,Web and Specialized Technologies,7861
Game Development,Game And Mobile Development,3979
Website Design,Digital Design,1213
UI Design,Digital Design,915
Website Design,Digital Design,9852
Website Design,Digital Design,3462
Simulations,Web and Specialized Technologies,672
Game Development,Game And Mobile Development,9326
Web Development,Web and Specialized Technologies,2069
Clone Development,Web and Specialized Technologies,5194
Game Development,Game And Mobile Development,6474
Game Development,Game And Mobile Development,6576
App Design,Game And Mobile Development,4702
UI Design,Digital Design,2632
Website Design,Digital Design,4739
Game Development,Game And Mobile Development,2817
Website Design,Digital Design,1460
App Development,Game And Mobile Development,7900
App Development,Game And Mobile Development,4670
Clone Development,Web and Specialized Technologies,1049
Web Development,Web and Specialized Technologies,10059
Game Development,Game And Mobile Development,5155
UI Design,Digital Design,4298
Web Development,Web and Specialized Technologies,6907
App Development,Game And Mobile Development,10300
Web Development,Web and Specialized Technologies,6664
Multilingual Queries,Web and Specialized Technologies,8898
Website Design,Digital Design,4079
Creative Humor,Web and Specialized Technologies,7521
App Development,Game And Mobile Development,909
UI Design,Digital Design,9856
Game Development,Game And Mobile Development,6529
UI Design,Digital Design,3232
Clone Development,Web and Specialized Technologies,8448
Clone Development,Web and Specialized Technologies,2753
Website Design,Digital Design,7775
UI Design,Digital Design,7383
Game Development,Game And Mobile Development,202
Website Design,Digital Design,7803
Simulations,Web and Specialized Technologies,9741
UI Design,Digital Design,6593
UI Design,Digital Design,1700
Clone Development,Web and Specialized Technologies,9064
Web Development,Web and Specialized Technologies,1070
Website Design,Digital Design,8362
Clone Development,Web and Specialized Technologies,2518
App Development,Game And Mobile Development,1082
Clone Development,Web and Specialized Technologies,6393
Clone Development,Web and Specialized Technologies,3417
Website Design,Digital Design,39
Clone Development,Web and Specialized Technologies,1102
UI Design,Digital Design,9557
App Development,Game And Mobile Development,5082
UI Design,Digital Design,4838
Clone Development,Web and Specialized Technologies,5891
UI Design,Digital Design,1354
App Development,Game And Mobile Development,401
Game Development,Game And Mobile Development,7871
Website Design,Digital Design,4822
App Development,Game And Mobile Development,7169
UI Design,Digital Design,3913
Website Design,Digital Design,6180
Web Development,Web and Specialized Technologies,4460
Website Design,Digital Design,85
Clone Development,Web and Specialized Technologies,1375
UI Design,Digital Design,5332
Website Design,Digital Design,3368
Game Development,Game And Mobile Development,1522
App Development,Game And Mobile Development,5855
App Design,Game And Mobile Development,3811
Game Development,Game And Mobile Development,5157
UI Design,Digital Design,4155
UI Design,Digital Design,1018
Game Development,Game And Mobile Development,5112
Game Development,Game And Mobile Development,1576
Game Development,Game And Mobile Development,2657
Website Design,Digital Design,1377
App Design,Game And Mobile Development,254
UI Design,Digital Design,4440
App Development,Game And Mobile Development,2661
UI Design,Digital Design,4161
App Design,Game And Mobile Development,3166
UI Design,Digital Design,6678
Clone Development,Web and Specialized Technologies,4362
Clone Development,Web and Specialized Technologies,1516
UI Design,Digital Design,2744
App Design,Game And Mobile Development,3917
Website Design,Digital Design,1761
Web Development,Web and Specialized Technologies,3880
AI Applications,Web and Specialized Technologies,9475
Clone Development,Web and Specialized Technologies,8907
Clone Development,Web and Specialized Technologies,3134
Clone Development,Web and Specialized Technologies,237
Game Development,Game And Mobile Development,1364
Game Development,Game And Mobile Development,3644
App Design,Game And Mobile Development,7400
Clone Development,Web and Specialized Technologies,4091
Website Design,Digital Design,7392
Game Development,Game And Mobile Development,9245
Clone Development,Web and Specialized Technologies,8716
Clone Development,Web and Specialized Technologies,4957
App Development,Game And Mobile Development,7730
Multilingual Queries,Web and Specialized Technologies,1711
Website Design,Digital Design,3299
Game Development,Game And Mobile Development,4507
Website Design,Digital Design,5108
Web Development,Web and Specialized Technologies,7336
Clone Development,Web and Specialized Technologies,6314
Game Development,Game And Mobile Development,3024
Website Design,Digital Design,9603
Website Design,Digital Design,2384
UI Design,Digital Design,4883
UI Design,Digital Design,1337
Game Development,Game And Mobile Development,7417
App Development,Game And Mobile Development,1418
Web Development,Web and Specialized Technologies,4469
Clone Development,Web and Specialized Technologies,9923
UI Design,Digital Design,8390
Game Development,Game And Mobile Development,4220
Clone Development,Web and Specialized Technologies,1551
App Design,Game And Mobile Development,4948
Web Development,Web and Specialized Technologies,4293
UI Design,Digital Design,9586
App Design,Game And Mobile Development,3456
UI Design,Digital Design,3055
UI Design,Digital Design,7331
Game Development,Game And Mobile Development,4943
UI Design,Digital Design,3963
App Development,Game And Mobile Development,6421
App Development,Game And Mobile Development,1494
Website Design,Digital Design,4799
Web Development,Web and Specialized Technologies,7065
App Design,Game And Mobile Development,9240
UI Design,Digital Design,10106
Web Development,Web and Specialized Technologies,2651
Digital Tools,Web and Specialized Technologies,10339
App Development,Game And Mobile Development,2491
App Development,Game And Mobile Development,8057
UI Design,Digital Design,8573
App Development,Game And Mobile Development,3187
Website Design,Digital Design,6353
App Design,Game And Mobile Development,2626
Web Development,Web and Specialized Technologies,1376
UI Design,Digital Design,1143
UI Design,Digital Design,9816
AI Applications,Web and Specialized Technologies,9429
Game Development,Game And Mobile Development,1756
UI Design,Digital Design,9575
Web Development,Web and Specialized Technologies,5563
App Development,Game And Mobile Development,178
UI Design,Digital Design,3502
Game Development,Game And Mobile Development,3329
UI Design,Digital Design,7713
Game Development,Game And Mobile Development,3774
App Development,Game And Mobile Development,5490
Web Development,Web and Specialized Technologies,7777
Website Design,Digital Design,1484
Website Design,Digital Design,7571
UI Design,Digital Design,8074
Clone Development,Web and Specialized Technologies,3315
App Development,Game And Mobile Development,5346
Web Development,Web and Specialized Technologies,6408
App Development,Game And Mobile Development,3021
UI Design,Digital Design,7772
App Development,Game And Mobile Development,8429
UI Design,Digital Design,5
Web Development,Web and Specialized Technologies,2994
Website Design,Digital Design,684
Website Design,Digital Design,5043
Game Development,Game And Mobile Development,1722
Digital Tools,Web and Specialized Technologies,4912
Clone Development,Web and Specialized Technologies,10207
Game Development,Game And Mobile Development,4303
Website Design,Digital Design,10114
Website Design,Digital Design,9886
Game Development,Game And Mobile Development,486
Clone Development,Web and Specialized Technologies,3193
Website Design,Digital Design,3943
UI Design,Digital Design,264
Game Development,Game And Mobile Development,5517
Game Development,Game And Mobile Development,2724
Simulations,Web and Specialized Technologies,6493
Digital Tools,Web and Specialized Technologies,2021
App Design,Game And Mobile Development,363
Web Development,Web and Specialized Technologies,3050
Website Design,Digital Design,4254
Website Design,Digital Design,212
Website Design,Digital Design,7445
App Design,Game And Mobile Development,5955
Website Design,Digital Design,9718
UI Design,Digital Design,4830
Clone Development,Web and Specialized Technologies,7011
Website Design,Digital Design,5269
Website Design,Digital Design,4535
Creative Humor,Web and Specialized Technologies,3171
App Development,Game And Mobile Development,676
Digital Tools,Web and Specialized Technologies,5653
Website Design,Digital Design,9171
App Development,Game And Mobile Development,8836
Multilingual Queries,Web and Specialized Technologies,3338
App Development,Game And Mobile Development,3472
App Development,Game And Mobile Development,8328
Game Development,Game And Mobile Development,8123
Game Development,Game And Mobile Development,4195
Website Design,Digital Design,7665
UI Design,Digital Design,5451
App Design,Game And Mobile Development,128
App Development,Game And Mobile Development,362
UI Design,Digital Design,3349
App Development,Game And Mobile Development,7883
App Development,Game And Mobile Development,35
Game Development,Game And Mobile Development,10400
Website Design,Digital Design,5700
Game Development,Game And Mobile Development,3042
UI Design,Digital Design,293
Game Development,Game And Mobile Development,4129
App Development,Game And Mobile Development,2863
Website Design,Digital Design,7604
UI Design,Digital Design,9419
Web Development,Web and Specialized Technologies,8186
Website Design,Digital Design,3409
UI Design,Digital Design,8787
Simulations,Web and Specialized Technologies,8845
Multilingual Queries,Web and Specialized Technologies,9407
Clone Development,Web and Specialized Technologies,7470
Web Development,Web and Specialized Technologies,7940
Game Development,Game And Mobile Development,3557
UI Design,Digital Design,4669
Game Development,Game And Mobile Development,1593
Clone Development,Web and Specialized Technologies,9445
Multilingual Queries,Web and Specialized Technologies,1622
Website Design,Digital Design,4606
Website Design,Digital Design,4256
App Development,Game And Mobile Development,5470
Website Design,Digital Design,317
UI Design,Digital Design,5752
Multilingual Queries,Web and Specialized Technologies,6270
Game Development,Game And Mobile Development,10223
App Design,Game And Mobile Development,3065
App Development,Game And Mobile Development,5454
Web Development,Web and Specialized Technologies,522
App Development,Game And Mobile Development,4978
Web Development,Web and Specialized Technologies,88
UI Design,Digital Design,6652
Clone Development,Web and Specialized Technologies,774
UI Design,Digital Design,6390
Game Development,Game And Mobile Development,3900
App Development,Game And Mobile Development,991
App Design,Game And Mobile Development,8288
AI Applications,Web and Specialized Technologies,4750
UI Design,Digital Design,9807
UI Design,Digital Design,3733
UI Design,Digital Design,6239
Creative Humor,Web and Specialized Technologies,1285
App Design,Game And Mobile Development,9132
Simulations,Web and Specialized Technologies,7093
AI Applications,Web and Specialized Technologies,10449
Website Design,Digital Design,721
Multilingual Queries,Web and Specialized Technologies,1101
UI Design,Digital Design,4125
Website Design,Digital Design,148
UI Design,Digital Design,3009
Web Development,Web and Specialized Technologies,5665
Clone Development,Web and Specialized Technologies,7594
Clone Development,Web and Specialized Technologies,6219
Clone Development,Web and Specialized Technologies,313
Simulations,Web and Specialized Technologies,7218
UI Design,Digital Design,4409
Game Development,Game And Mobile Development,591
Game Development,Game And Mobile Development,2184
Clone Development,Web and Specialized Technologies,1117
Website Design,Digital Design,2012
Multilingual Queries,Web and Specialized Technologies,3871
App Design,Game And Mobile Development,10451
Clone Development,Web and Specialized Technologies,4363
Game Development,Game And Mobile Development,5116
Website Design,Digital Design,5732
App Design,Game And Mobile Development,4472
UI Design,Digital Design,7041
Website Design,Digital Design,8344
Web Development,Web and Specialized Technologies,849
Clone Development,Web and Specialized Technologies,3322
Game Development,Game And Mobile Development,1590
Clone Development,Web and Specialized Technologies,6996
Clone Development,Web and Specialized Technologies,500
UI Design,Digital Design,1092
Website Design,Digital Design,7448
UI Design,Digital Design,9375
Clone Development,Web and Specialized Technologies,2316
Website Design,Digital Design,3609
Website Design,Digital Design,10366
Clone Development,Web and Specialized Technologies,4876
Game Development,Game And Mobile Development,4001
Website Design,Digital Design,3272
UI Design,Digital Design,9409
App Development,Game And Mobile Development,8925
UI Design,Digital Design,2737
App Development,Game And Mobile Development,6774
Multilingual Queries,Web and Specialized Technologies,7629
Clone Development,Web and Specialized Technologies,2957
UI Design,Digital Design,2416
Game Development,Game And Mobile Development,7408
App Development,Game And Mobile Development,71
UI Design,Digital Design,5898
AI Applications,Web and Specialized Technologies,1766
Clone Development,Web and Specialized Technologies,9622
UI Design,Digital Design,5738
Website Design,Digital Design,7376
Clone Development,Web and Specialized Technologies,360
App Design,Game And Mobile Development,6744
Game Development,Game And Mobile Development,183
Website Design,Digital Design,4633
Game Development,Game And Mobile Development,6379
Game Development,Game And Mobile Development,87
Game Development,Game And Mobile Development,3247
UI Design,Digital Design,2564
App Development,Game And Mobile Development,2765
Simulations,Web and Specialized Technologies,3630
Game Development,Game And Mobile Development,2166
Web Development,Web and Specialized Technologies,5905
Web Development,Web and Specialized Technologies,411
Website Design,Digital Design,573
Website Design,Digital Design,10417
Clone Development,Web and Specialized Technologies,3010
Web Development,Web and Specialized Technologies,8684
Game Development,Game And Mobile Development,4688
Website Design,Digital Design,6077
AI Applications,Web and Specialized Technologies,8304
Website Design,Digital Design,5519
Multilingual Queries,Web and Specialized Technologies,5509
AI Applications,Web and Specialized Technologies,9948
App Development,Game And Mobile Development,1486
Game Development,Game And Mobile Development,6522
UI Design,Digital Design,10086
Simulations,Web and Specialized Technologies,9047
Website Design,Digital Design,5842
UI Design,Digital Design,7188
